{
  "dominio": "https://ematgas.es",
  "short_tail": [
    "Corte por plasma en Palmones",
    "Corte por oxicorte Palmones"
  ],
  "long_tail": [
    "Mejor empresa de corte por plasma en Palmones",
    "Proveedores de retrofits en Palmones",
    "Mejor proveedor de tornillería industrial Palmones"
  ],
  "people_also_ask": [
    {
      "question": "¿Dónde se aplica el corte por plasma?",
      "position": null,
      "total_results": 13200000
    },
    {
      "question": "¿Qué se puede cortar con plasma?",
      "position": null,
      "total_results": 3250000
    },
    {
      "question": "¿Cuánto puede cortar un plasma?",
      "position": null,
      "total_results": 384000
    },
    {
      "question": "¿Qué tipos de corte por plasma existen?",
      "position": null,
      "total_results": 5810000
    },
    {
      "question": "¿Cuánto cuesta el corte por plasma?",
      "position": null,
      "total_results": 7890000
    },
    {
      "question": "¿Cuál es una desventaja del corte por plasma?",
      "position": null,
      "total_results": 294000
    },
    {
      "question": "¿Cómo se cobra el corte con plasma?",
      "position": null,
      "total_results": 15100000
    },
    {
      "question": "¿Qué espesor se puede cortar con plasma?",
      "position": null,
      "total_results": 163000
    }
  ],
  "detalles_keywords": [
    {
      "keyword": "Corte por plasma en Palmones",
      "position": null,
      "total_results": 15000
    },
    {
      "keyword": "Corte por oxicorte Palmones",
      "position": null,
      "total_results": 10
    },
    {
      "keyword": "Mejor empresa de corte por plasma en Palmones",
      "position": null,
      "total_results": 5780
    },
    {
      "keyword": "Proveedores de retrofits en Palmones",
      "position": null,
      "total_results": 8
    },
    {
      "keyword": "Mejor proveedor de tornillería industrial Palmones",
      "position": null,
      "total_results": 32800
    }
  ]
}