{
    "dominio": "https:\/\/ematgas.es",
    "servicios": "sin definir",
    "ubicacion": "sin definir",
    "short_tail": [
        "Corte por plasma en Palmones",
        "Corte por oxicorte Palmones"
    ],
    "long_tail": [
        "Mejor empresa de corte por plasma en Palmones",
        "Proveedores de retrofits en Palmones",
        "Mejor proveedor de torniller\u00eda industrial Palmones"
    ],
    "palabras_clave_generadas": [
        "Corte por oxicorte Palmones",
        "Proveedores de retrofits en Palmones",
        "Mejor proveedor de torniller\u00eda industrial Palmones"
    ],
    "detalles_keywords": [
        {
            "keyword": "Corte por oxicorte Palmones",
            "position": null,
            "total_results": 9
        },
        {
            "keyword": "Proveedores de retrofits en Palmones",
            "position": null,
            "total_results": 8160
        },
        {
            "keyword": "Mejor proveedor de torniller\u00eda industrial Palmones",
            "position": null,
            "total_results": 32900
        }
    ],
    "people_also_ask": [
        {
            "pregunta": "\u00bfQu\u00e9 marca de tornillo es mejor?",
            "keyword_origen": "Mejor proveedor de torniller\u00eda industrial Palmones"
        },
        {
            "pregunta": "\u00bfQu\u00e9 tan rentable es un negocio de torniller\u00eda?",
            "keyword_origen": "Mejor proveedor de torniller\u00eda industrial Palmones"
        },
        {
            "pregunta": "\u00bfCu\u00e1les son los tornillos m\u00e1s resistentes?",
            "keyword_origen": "Mejor proveedor de torniller\u00eda industrial Palmones"
        },
        {
            "pregunta": "\u00bfQu\u00e9 significa DIN en torniller\u00eda?",
            "keyword_origen": "Mejor proveedor de torniller\u00eda industrial Palmones"
        },
        {
            "pregunta": "\u00bfQu\u00e9 marca de tornillo es mejor?",
            "keyword_origen": "Mejor proveedor de torniller\u00eda industrial Palmones"
        }
    ],
    "uploaded_at": "2025-07-02 07:06:11"
}