{
    "dominio": "https:\/\/ematgas.es",
    "short_tail": [
        "Corte por plasma Los Barrios",
        "Torniller\u00eda industrial Los Barrios"
    ],
    "long_tail": [
        "Servicio de corte por plasma en Los Barrios",
        "Proveedor de torniller\u00eda industrial en Los Barrios",
        "Especialista en corte por plasma y oxicorte Los Barrios"
    ],
    "people_also_ask": [
        {
            "question": "\u00bfD\u00f3nde se aplica el corte por plasma?",
            "position": null,
            "total_results": 11900000
        },
        {
            "question": "\u00bfEs seguro el corte por plasma?",
            "position": null,
            "total_results": 12000000
        },
        {
            "question": "\u00bfQu\u00e9 se puede cortar por plasma?",
            "position": null,
            "total_results": 3300000
        },
        {
            "question": "\u00bfEs caro el corte por plasma?",
            "position": null,
            "total_results": 480000
        },
        {
            "question": "\u00bfCu\u00e1l es la mejor marca de cortadoras de plasma?",
            "position": null,
            "total_results": 189000
        },
        {
            "question": "\u00bfQu\u00e9 espesor se puede cortar con plasma?",
            "position": null,
            "total_results": 186000
        },
        {
            "question": "\u00bfCu\u00e1l es una desventaja de las m\u00e1quinas de corte por plasma CNC?",
            "position": null,
            "total_results": 53000
        },
        {
            "question": "\u00bfQu\u00e9 no se puede cortar con oxicorte?",
            "position": null,
            "total_results": 137000
        }
    ],
    "detalles_keywords": [
        {
            "keyword": "Corte por plasma Los Barrios",
            "position": null,
            "total_results": 743000
        },
        {
            "keyword": "Torniller\u00eda industrial Los Barrios",
            "position": null,
            "total_results": 516000
        },
        {
            "keyword": "Servicio de corte por plasma en Los Barrios",
            "position": null,
            "total_results": 264000
        },
        {
            "keyword": "Proveedor de torniller\u00eda industrial en Los Barrios",
            "position": null,
            "total_results": 115000
        },
        {
            "keyword": "Especialista en corte por plasma y oxicorte Los Barrios",
            "position": null,
            "total_results": 23900
        }
    ],
    "uploaded_at": "2025-07-10 10:00:52"
}