{
    "dominio": "https:\/\/ematgas.es",
    "short_tail": [
        "Corte por plasma Los Barrios",
        "Mesas de corte en Los Barrios"
    ],
    "long_tail": [
        "Mejores servicios de corte por plasma en Los Barrios",
        "Corte por plasma de alta calidad en Los Barrios",
        "Corte industrial eficiente en Los Barrios"
    ],
    "people_also_ask": [
        {
            "question": "\u00bfD\u00f3nde se aplica el corte por plasma?",
            "position": null,
            "total_results": 11900000
        },
        {
            "question": "\u00bfEs seguro el corte por plasma?",
            "position": null,
            "total_results": 12000000
        },
        {
            "question": "\u00bfQu\u00e9 se puede cortar por plasma?",
            "position": null,
            "total_results": 3300000
        },
        {
            "question": "\u00bfEs caro el corte por plasma?",
            "position": null,
            "total_results": 480000
        },
        {
            "question": "\u00bfCu\u00e1les son los tipos de corte en la industria?",
            "position": null,
            "total_results": 103000000
        },
        {
            "question": "\u00bfEn qu\u00e9 consiste el corte industrial?",
            "position": null,
            "total_results": 138000000
        },
        {
            "question": "\u00bfQu\u00e9 es mejor, el oxicorte o el plasma?",
            "position": null,
            "total_results": 357000
        },
        {
            "question": "\u00bfEs un cortador de plasma mejor que el oxicorte?",
            "position": null,
            "total_results": 9010
        }
    ],
    "detalles_keywords": [
        {
            "keyword": "Corte por plasma Los Barrios",
            "position": null,
            "total_results": 743000
        },
        {
            "keyword": "Mesas de corte en Los Barrios",
            "position": null,
            "total_results": 1070000
        },
        {
            "keyword": "Mejores servicios de corte por plasma en Los Barrios",
            "position": null,
            "total_results": 315000
        },
        {
            "keyword": "Corte por plasma de alta calidad en Los Barrios",
            "position": null,
            "total_results": 296000
        },
        {
            "keyword": "Corte industrial eficiente en Los Barrios",
            "position": null,
            "total_results": 2820000
        }
    ],
    "uploaded_at": "2025-07-10 10:14:31"
}