{
    "dominio": "https:\/\/ematgas.es",
    "short_tail": [
        "Torniller\u00eda industrial Los Barrios",
        "Servicios de mecanizado en Los Barrios"
    ],
    "long_tail": [
        "Empresas de corte por oxicorte en Los Barrios",
        "Proveedores de retrofits en Los Barrios",
        "Proveedor de servicios industriales en Los Barrios"
    ],
    "people_also_ask": [
        {
            "question": "\u00bfD\u00f3nde se aplica el corte por plasma?",
            "position": null,
            "total_results": 12800000
        },
        {
            "question": "\u00bfQu\u00e9 se puede cortar por plasma?",
            "position": null,
            "total_results": 2660000
        },
        {
            "question": "\u00bfQu\u00e9 diferencia hay entre corte por plasma y corte por l\u00e1ser?",
            "position": null,
            "total_results": 0
        },
        {
            "question": "\u00bfQu\u00e9 es el corte por plasma?",
            "position": null,
            "total_results": 12100000
        },
        {
            "question": "\u00bfCu\u00e1ntos tipos de corte por plasma hay?",
            "position": null,
            "total_results": 10200000
        },
        {
            "question": "\u00bfC\u00f3mo se cobra el corte con plasma?",
            "position": null,
            "total_results": 14900000
        },
        {
            "question": "\u00bfQu\u00e9 no se puede cortar con oxicorte?",
            "position": null,
            "total_results": 136000
        },
        {
            "question": "\u00bfCu\u00e1nto puede cortar el oxicorte?",
            "position": null,
            "total_results": 30100
        }
    ],
    "detalles_keywords": [
        {
            "keyword": "Torniller\u00eda industrial Los Barrios",
            "position": null,
            "total_results": 580000
        },
        {
            "keyword": "Servicios de mecanizado en Los Barrios",
            "position": null,
            "total_results": 158000
        },
        {
            "keyword": "Empresas de corte por oxicorte en Los Barrios",
            "position": null,
            "total_results": 14600
        },
        {
            "keyword": "Proveedores de retrofits en Los Barrios",
            "position": null,
            "total_results": 17600
        },
        {
            "keyword": "Proveedor de servicios industriales en Los Barrios",
            "position": null,
            "total_results": 545000
        }
    ],
    "uploaded_at": "2025-07-31 08:11:19"
}