{
    "dominio": "https:\/\/ematgas.es",
    "short_tail": [
        "Corte por oxicorte en Los Barrios",
        "Especialistas en corte por oxicorte en Los Barrios"
    ],
    "long_tail": [
        "Retrofits y perfomance en Los Barrios",
        "Retrofits y amp; performance servicio Los Barrios",
        "Retrofits de alto rendimiento en Los Barrios"
    ],
    "people_also_ask": [
        {
            "question": "\u00bfQu\u00e9 es un corte por plasma?",
            "position": null,
            "total_results": 12300000
        },
        {
            "question": "\u00bfCu\u00e1les son las desventajas del corte por plasma?",
            "position": null,
            "total_results": 201000
        },
        {
            "question": "\u00bfQu\u00e9 es el proceso de corte por plasma?",
            "position": null,
            "total_results": 5130000
        },
        {
            "question": "\u00bfQu\u00e9 materiales se pueden cortar con un equipo de corte por plasma?",
            "position": null,
            "total_results": 354000
        },
        {
            "question": "\u00bfCu\u00e1les son los peligros y riesgos del oxicorte?",
            "position": null,
            "total_results": 41400
        },
        {
            "question": "\u00bfQu\u00e9 se necesita para cortar con oxicorte?",
            "position": null,
            "total_results": 766000
        },
        {
            "question": "\u00bfQu\u00e9 peligros existen en un equipo de oxicorte?",
            "position": null,
            "total_results": 70400
        },
        {
            "question": "\u00bfQu\u00e9 se puede cortar con oxicorte?",
            "position": null,
            "total_results": 131000
        }
    ],
    "detalles_keywords": [
        {
            "keyword": "Corte por oxicorte en Los Barrios",
            "position": null,
            "total_results": 22100
        },
        {
            "keyword": "Especialistas en corte por oxicorte en Los Barrios",
            "position": null,
            "total_results": 9340
        },
        {
            "keyword": "Retrofits y perfomance en Los Barrios",
            "position": null,
            "total_results": 96
        },
        {
            "keyword": "Retrofits y amp; performance servicio Los Barrios",
            "position": null,
            "total_results": 1
        },
        {
            "keyword": "Retrofits de alto rendimiento en Los Barrios",
            "position": null,
            "total_results": 26
        }
    ],
    "uploaded_at": "2025-08-28 08:22:26"
}